Quantization,Size (GB),Memory (GB)
q8,8.54,0.5220489501953125
q6,6.59,0.6988677978515625
q5,5.73,0.7267913818359375
q4,4.92,0.8002777099609375
q3,3.93,0.7597503662109375
