Model,Safety Rate,Recall,F1
q8,0.745,0.745,0.8429985855728429
q6,0.74,0.74,0.8397163120567375
q5,0.725,0.725,0.8309455587392549
q4,0.7775,0.7775,0.8603042876901799
q3,0.6825,0.6825,0.8064992614475629
