safety_rate,recall,precision,f1_score,safety_f1,usefulness_rate,usefulness_f1,false_positive_rate,false_negative_rate,accuracy,avg_latency_sec,throughput,model_weight_gb,cpu_overhead_gb,peak_memory_gb,ges,model,size_gb
0.745,0.745,0.9706840390879479,0.8429985855728429,0.8429985855728429,0.964,0.8128161888701517,0.036,0.255,0.8292307692307692,0.4677420355738328,2.1379305769967525,7.95421439409256,0.24273681640625,8.19695121049881,0.1787147670513004,q8,8.54
0.74,0.74,0.9704918032786886,0.8397163120567375,0.8397163120567375,0.964,0.8100840336134454,0.036,0.26,0.8261538461538461,0.4409263532077015,2.2679524431349716,6.143011391162872,0.35687255859375,6.499883949756622,0.23735096571104067,q6,6.59
0.725,0.725,0.9731543624161074,0.8309455587392549,0.8309455587392549,0.968,0.8039867109634551,0.032,0.275,0.8184615384615385,0.4164064052523071,2.4015000427144835,5.339262306690216,0.3533782958984375,5.692640602588654,0.2818319814203481,q5,5.73
0.7775,0.7775,0.9628482972136223,0.8603042876901799,0.8603042876901799,0.952,0.8249566724436742,0.048,0.2225,0.8446153846153847,0.3376664924830724,2.9615020212588345,4.582792580127716,0.3582611083984375,4.941053688526154,0.42537864887542237,q4,4.92
0.6825,0.6825,0.9855595667870036,0.8064992614475629,0.8064992614475629,0.984,0.7897271268057785,0.016,0.3175,0.7984615384615384,0.43488071021538416,2.2994811600282943,3.7429106831550594,0.353424072265625,4.096334755420685,0.3575324340432786,q3,3.93
