Model,False Positive Rate,Accuracy
q8,0.036,0.8292307692307692
q6,0.036,0.8261538461538461
q5,0.032,0.8184615384615385
q4,0.048,0.8446153846153847
q3,0.016,0.7984615384615384
