Quantization,File Size (GB),Weight Memory (GB),CPU Overhead (GB),Total Memory (GB)
q8,8.54,7.95421439409256,0.24273681640625,8.19695121049881
q6,6.59,6.143011391162872,0.35687255859375,6.499883949756622
q5,5.73,5.339262306690216,0.3533782958984375,5.692640602588654
q4,4.92,4.582792580127716,0.3582611083984375,4.941053688526154
q3,3.93,3.7429106831550594,0.353424072265625,4.096334755420685
